"Predictor","Importance","Description"
"PctCrop2019CatRp100",0.00949835879866296,"% of AOI area classified as crop land use (NLCD class 82)"
"PctCrop2019WsRp100",0.00943722962511147,"% of AOI area classified as crop land use (NLCD class 82)"
"KffactCat",0.0090592427757212,"Mean of STATSGO Kffactor raster within AOI. The Universal Soil Loss Equation (USLE) and represents a relative index of susceptibility of bare, cultivated soil to particle detachment and transport by rainfall"
"PermCat",0.00571599886117102,"Mean permeability (cm/hour) of soils (STATSGO) within AOI "
"AgKffactWs",0.00529209954539276,"Mean of STATSGO Kffactor raster on agricultural land (NLCD 2006) within AOI. The Universal Soil Loss Equation (USLE) and represents a relative index of susceptibility of bare, cultivated soil to particle detachment and transport by rainfall"
"PctMxFst2019WsRp100",0.00509842479728607,"% of AOI area classified as mixed deciduous/evergreen forest land cover (NLCD class 43)"
"PctUrbOp2019CatRp100",0.00454331872382167,"% of AOI area classified as developed, open space land use (NLCD class 21)"
"Precip_Minus_EVTWs",0.00436422810241229,"This dataset represents surplus precipitation (mm): precipitation minus potential evaporation described in DOI: 10.1016/j.scitotenv.2020.137661 within individual,  local NHDPlusV2 catchments and upstream, contributing watersheds."
"ClayWs",0.00422349932192775,"Mean % clay content of soils (STATSGO) within AOI "
"PctWdWet2019WsRp100",0.00404122092641008,"% of AOI area classified as woody wetland land cover (NLCD class 90)"
"PctGrs2019Ws",0.00397876203928598,"% of AOI area classified as grassland/herbaceous land cover (NLCD class 71)"
"Pestic97Cat",0.00388025759688116,"Mean pesticide use (kg/km2) in yr. 1997 within AOI."
"MAST_2013",0.00380454733668488,"Predicted mean annual stream temperature (Jan-Dec) for year 2008, 2009, 2013, 2014"
"Phos_Crop_UptakeWs",0.0037147074,"Phosphorus uptake by crops in the watershed"
"FertWs",0.00353631311218613,"Mean rate of synthetic nitrogen fertilizer application to agricultural land in kg N/ha/yr, within the AOI"
"WWTPAllDensWs",0.00332769525321137,"Density (number/ km2) of all wastewater treatment plants per AOI"
"SiO2Cat",0.00315096805259195,"Mean % of lithological silicon dioxide (SiO2) content in surface or near surface geology within AOI"
"PctHay2019Cat",0.00315084393819078,"% of AOI area classified as hay land use (NLCD class 81)"
"RdCrsSlpWtdCat",0.00311529761753443,"Density of roads-stream intersections (2010 Census Tiger Lines-NHD stream lines) multiplied by NHDPlusV21 slope within AOI (crossings*slope/square km)"
"PctImp2013CatRp100",0.00309552334053347,"Mean imperviousness of anthropogenic surfaces within AOI  (NLCD)"
"Al2O3Cat",0.00300715933471481,"Mean % of lithological aluminum oxide (Al2O3) content in surface or near surface geology within AOI"
"PctGlacLakeFineWs",0.00298811557575635,"% of AOI area classified as lithology type: glacial lake sediment, fine-textured"
"PctCrop2019Ws",0.00293029430306918,"% of AOI area classified as crop land use (NLCD class 82)"
"CompStrgthCat",0.00286024232585493,"Mean lithological uniaxial compressive strength (megaPascals) content in surface or near surface geology within AOI"
"NsurpCat",0.0028533611695262,"Nitrogen Surplus (kg N / yr) per AOI - excluding biological N Fixation"
"K2OCat",0.00266810444822131,"Mean % of lithological potassium oxide (K2O) content in surface or near surface geology within AOI"
"AgKffactCat",0.00265704061465375,"Mean of STATSGO Kffactor raster on agricultural land (NLCD 2006) within AOI. The Universal Soil Loss Equation (USLE) and represents a relative index of susceptibility of bare, cultivated soil to particle detachment and transport by rainfall"
"NABD_NIDStorWs",0.00256754532655463,"Volume all reservoirs (NID_STORA in NID) per unit area of AOI (cubic meters/square km)"
"PctMxFst2019Ws",0.00246391582266872,"% of AOI area classified as mixed deciduous/evergreen forest land cover (NLCD class 43)"
"ElevWs",0.00244897630152433,"Mean AOI elevation (m)"
"PctOw2019Cat",0.00240281872394747,"% of AOI area classified as open water land cover (NLCD class 11)"
"PctDecid2019CatRp100",0.00202790057235466,"% of AOI area classified as deciduous forest land cover (NLCD class 41)"
"OmCat",0.00202711038969867,"Mean organic matter content (% by weight) of soils (STATSGO) within AOI "
"PctCrop2019Cat",0.00186436976925993,"% of AOI area classified as crop land use (NLCD class 82)"
"WaterInputCat",0.00186269649434534,"Water Input (km2/cm): Ratio of the total area of irrigated land to precipitation within AOI"
"FertCat",0.00178369891391755,"Mean rate of synthetic nitrogen fertilizer application to agricultural land in kg N/ha/yr, within the AOI"
"PctDecid2019Cat",0.00170948284543164,"% of AOI area classified as deciduous forest land cover (NLCD class 41)"
"NO3_2008Ws",0.0016890408831984,"Annual gradient map of precipitation-weighted mean deposition for nitrate ion concentration wet deposition for 2008 in kg of NO3/ha/yr, within AOI"
"Phos_FertCat",0.00165860654825652,"Mean rate of synthetic nitrogen fertilizer application to agricultural land in kg N/ha/yr, within the AOI"
"MAST_2014",0.00158936954285634,"Predicted mean annual stream temperature (Jan-Dec) for year 2008, 2009, 2013, 2014"
"Na2OCat",0.00158643042413569,"Mean % of lithological sodium oxide (Na2O) content in surface or near surface geology within AOI"
"WaterInputWs",0.00150687548388653,"Water Input (km2/cm): Ratio of the total area of irrigated land to precipitation within AOI"
"RockNWs",0.00148086778744678,"N from rock weathering (kg/ km2) within AOI"
"Pestic97Ws",0.00145899462986585,"Mean pesticide use (kg/km2) in yr. 1997 within AOI."
"PctUrbMd2019CatRp100",0.00140168600647735,"% of AOI area classified as developed, medium-intensity land use (NLCD class 23)"
"MSST_2014",0.00138690258520065,"Predicted mean summer stream temperature (July-Aug) for years 2008, 2009, 2013, 2014"
"MgOCat",0.00134311918915425,"Mean % of lithological magnesium oxide (MgO) content in surface or near surface geology within AOI"
"MWST_2013",0.00131505334681484,"Predicted mean winter stream temperature (Jan-Feb) for year 2008, 2009, 2013, 2014"
"PctHbWet2019Cat",0.00129817504440606,"% of AOI area classified as herbaceous wetland land cover (NLCD class 95)"
"Fe2O3Cat",0.00126963496904995,"Mean % of lithological ferric oxide (Fe2O3) content in surface or near surface geology within AOI"
"PctShrb2019Ws",0.00126473706676711,"% of AOI area classified as shrub/scrub land cover (NLCD class 52)"
"HydrlCondCat",0.00122005539168842,"Mean lithological hydraulic conductivity (micrometers per second) content in surface or near surface geology within AOI"
"RdDensWs",0.00121147955699166,"Density of roads (2010 Census Tiger Lines) within AOI (km/square km)"
"Phos_ManureCat",0.00120994290065429,"Mean rate of manure application to agricultural land from confined animal feeding operations in kg N/ha/yr, within AOI"
"PctWdWet2019Ws",0.00119132761374461,"% of AOI area classified as woody wetland land cover (NLCD class 90)"
"RdCrsWs",0.0011754658050778,"Density of roads-stream intersections (2010 Census Tiger Lines-NHD stream lines) within AOI (crossings/square km)"
"NPDESDensWs",0.00115629632485736,"Density of permitted NPDES (National Pollutant Discharge Elimination System) sites within AOI (sites/square km)"
"PctImp2008Ws",0.00115222122467358,"Mean imperviousness of anthropogenic surfaces within AOI  (NLCD)"
"PctHbWet2019CatRp100",0.00114887202765503,"% of AOI area classified as herbaceous wetland land cover (NLCD class 95)"
"MSST_2013",0.0011151179756048,"Predicted mean summer stream temperature (July-Aug) for years 2008, 2009, 2013, 2014"
"NANIWs",0.00110795894195274,"Net Anthropogenic Nitrogen within AOI: farm fertilizer + urban fertilizer + NOx deposition + CBNF + Human and Livestock food - crop N content - livestock N content"
"Precip8110Ws",0.00110675716012953,"PRISM climate data - 30-year normal mean precipitation (mm): Annual period: 1981-2010 within AOI"
"MAST_2009",0.0011035739536875,"Predicted mean annual stream temperature (Jan-Dec) for year 2008, 2009, 2013, 2014"
"SepticWs",0.00099082105157024,"Density of septic systems per AOI - based on 1990 Census"
"Tmean8110Cat",0.000952324676097514,"PRISM climate data - 30-year normal mean temperature (C°): Annual period: 1981-2010 within the AOI"
"RunoffCat",0.000931605291790071,"Mean runoff (mm) within AOI"
"PctHbWet2019Ws",0.000892758494202402,"% of AOI area classified as herbaceous wetland land cover (NLCD class 95)"
"SandCat",0.000877606853942068,"Mean % sand content of soils (STATSGO) within AOI "
"SuperfundDensWs",0.000855215788091982,"Density of Superfund sites within AOI (sites/square km)"
"PctGlacTilLoamCat",0.000825322784829944,"% of AOI area classified as lithology type: glacial till, loamy"
"PctImp2013Cat",0.000805029748075353,"Mean imperviousness of anthropogenic surfaces within AOI  (NLCD)"
"NCat",0.000726149102601376,"Mean % of lithological nitrogen (N) content in surface or near surface geology within AOI"
"BFIWs",0.000720698784165474,"Base flow is the component of streamflow that can be attributed to ground-water discharge into streams. The BFI is the ratio of base flow to total flow, expressed as a percentage, within AOI"
"PctImp2006WsRp100",0.000699002659481577,"Mean imperviousness of anthropogenic surfaces within AOI  (NLCD)"
"ManureWs",0.000694677878756577,"Mean rate of manure application to agricultural land from confined animal feeding operations in kg N/ha/yr, within AOI"
"TRIDensWs",0.000672649663322631,"Density of TRI (Toxic Release Inventory) sites within AOI (sites/square km)"
"PctAlluvCoastWs",0.000662155198036765,"% of AOI area classified as lithology type: alluvium and fine-textured coastal zone sediment"
"CaOCat",0.00065095223696345,"Mean % of lithological calcium oxide (CaO) content in surface or near surface geology within AOI"
"SandWs",0.000649795283690494,"Mean % sand content of soils (STATSGO) within AOI "
"PctImp2019Cat",0.000636063095036456,"Mean imperviousness of anthropogenic surfaces within AOI  (NLCD)"
"PctHbWet2019WsRp100",0.000595482548588914,"% of AOI area classified as herbaceous wetland land cover (NLCD class 95)"
"PctColluvSedWs",0.000576444036798177,"% of AOI area classified as lithology type: colluvial sediment"
"PctBl2019Cat",0.000569167437587961,"% of AOI area classified as barren land cover (NLCD class 31)"
"NH4_2008Ws",0.00054681652471097,"Annual gradient map of precipitation-weighted mean deposition for ammonium ion concentration wet deposition for 2008 in kg of NH4/ha/yr, within AOI"
"PctGrs2019Cat",0.000542967196058662,"% of AOI area classified as grassland/herbaceous land cover (NLCD class 71)"
"PctImp2016Ws",0.000522371733936092,"Mean imperviousness of anthropogenic surfaces within AOI  (NLCD)"
"PctUrbHi2019WsRp100",0.000522095072296543,"% of AOI area classified as developed, high-intensity land use (NLCD class 24)"
"PctImp2004CatRp100",0.000520988754529384,"Mean imperviousness of anthropogenic surfaces within AOI  (NLCD)"
"Tmax8110Ws",0.000519987476224928,"PRISM climate data - 30-year normal maximum temperature (C°): Annual period: 1981-2010 within the AOI"
"PctOw2019Ws",0.000494547618767029,"% of AOI area classified as open water land cover (NLCD class 11)"
"KffactWs",0.000492262291749714,"Mean of STATSGO Kffactor raster within AOI. The Universal Soil Loss Equation (USLE) and represents a relative index of susceptibility of bare, cultivated soil to particle detachment and transport by rainfall"
"RdDensCat",0.000450317078713166,"Density of roads (2010 Census Tiger Lines) within AOI (km/square km)"
"PctImp2016WsRp100",0.000447081791770883,"Mean imperviousness of anthropogenic surfaces within AOI  (NLCD)"
"MSST_2009",0.000421689969840425,"Predicted mean summer stream temperature (July-Aug) for years 2008, 2009, 2013, 2014"
"CBNFCat",0.000417370928626653,"Mean rate of biological nitrogen fixation from the cultivation of crops in kg N/ha/yr, within AOI"
"WtDepWs",0.000407553197914071,"Mean seasonal water table depth (cm) of soils (STATSGO) within AOI "
"PctImp2008Cat",0.000407193223997981,"Mean imperviousness of anthropogenic surfaces within AOI  (NLCD)"
"Phos_Crop_UptakeCat",0.0003853966,"Phosphorus update by crops in the catchment"
"WWTPMinorDensWs",0.000352844836145242,"Density (number/ km2) of minor wastewater treatment plants per AOI"
"RockNCat",0.000349680647314006,"N from rock weathering (kg/ km2) within AOI"
"PctImp2013Ws",0.000326896374361483,"Mean imperviousness of anthropogenic surfaces within AOI  (NLCD)"
"Tmean8110Ws",0.000291891995756024,"PRISM climate data - 30-year normal mean temperature (C°): Annual period: 1981-2010 within the AOI"
"NO3_2008Cat",0.000289965875475714,"Annual gradient map of precipitation-weighted mean deposition for nitrate ion concentration wet deposition for 2008 in kg of NO3/ha/yr, within AOI"
"PctUrbOp2019WsRp100",0.000270808322782421,"% of AOI area classified as developed, open space land use (NLCD class 21)"
"PctImp2008WsRp100",0.000254564556724966,"Mean imperviousness of anthropogenic surfaces within AOI  (NLCD)"
"SWs",0.000224209396350885,"Mean % of lithological sulfur (S) content in surface or near surface geology within AOI"
"PctShrb2019CatRp100",0.000214606565146143,"% of AOI area classified as shrub/scrub land cover (NLCD class 52)"
"Tmax8110Cat",0.000193185837520886,"PRISM climate data - 30-year normal maximum temperature (C°): Annual period: 1981-2010 within the AOI"
"Phos_ManureWs",0.000192992432516317,"Mean rate of manure application to agricultural land from confined animal feeding operations in kg N/ha/yr, within AOI"
"PctAg2006Slp10Cat",0.000163432781213027,"Mean % of lithological sulfur (S) content in surface or near surface geology within AOI"
"Fe2O3Ws",0.000161847747068317,"Mean % of lithological ferric oxide (Fe2O3) content in surface or near surface geology within AOI"
"WsAreaSqKm",0.00015512520965245,"Mean % of lithological sulfur (S) content in surface or near surface geology within AOI"
"PctUrbHi2019CatRp100",0.000138176075537667,"% of AOI area classified as developed, high-intensity land use (NLCD class 24)"
"PctUrbOp2019Cat",0.000137915845019425,"% of AOI area classified as developed, open space land use (NLCD class 21)"
"NPDESDensWsRp100",0.000119215704730598,"Density of permitted NPDES (National Pollutant Discharge Elimination System) sites within AOI (sites/square km)"
"DamNrmStorWs",0.000117833927518808,"Volume all reservoirs (NORM_STORA in NID) per unit area of AOI (cubic meters/square km)"
"SiO2Ws",0.000106523788997995,"Mean % of lithological silicon dioxide (SiO2) content in surface or near surface geology within AOI"
"SuperfundDensWsRp100",9.65833130038409e-05,"Density of Superfund sites within AOI (sites/square km)"
"SCat",9.61705504221921e-05,"Mean % of lithological sulfur (S) content in surface or near surface geology within AOI"
"CBNFWs",9.17551059902858e-05,"Mean rate of biological nitrogen fixation from the cultivation of crops in kg N/ha/yr, within AOI"
"PctAlluvCoastCat",9.10896565370547e-05,"% of AOI area classified as lithology type: alluvium and fine-textured coastal zone sediment"
"PctImp2001WsRp100",7.4068350260503e-05,"Mean imperviousness of anthropogenic surfaces within AOI  (NLCD)"
"PctGlacLakeCrsCat",6.85787353943098e-05,"% of AOI area classified as lithology type: glacial outwash and glacial lake sediment, coarse-textured"
"PctImp2001Ws",5.8050957675026e-05,"Mean imperviousness of anthropogenic surfaces within AOI  (NLCD)"
"PctWdWet2019CatRp100",4.86747225085061e-05,"% of AOI area classified as woody wetland land cover (NLCD class 90)"
"PctColluvSedCat",4.60957024759279e-05,"% of AOI area classified as lithology type: colluvial sediment"
"PctHydricWs",4.166387076152e-05,"% of AOI area classified as lithology type: hydric, peat and muck"
"PctConif2019CatRp100",3.80269900161946e-05,"% of AOI area classified as evergreen forest land cover (NLCD class 42)"
"PctGlacLakeCrsWs",1.3736491601352e-05,"% of AOI area classified as lithology type: glacial outwash and glacial lake sediment, coarse-textured"
"PctGlacTilClayCat",2.24589569839395e-07,"% of AOI area classified as lithology type: glacial till, clayey"
"DamNIDStorCat",0,"Volume all reservoirs (NID_STORA in NID) per unit area of AOI (cubic meters/square km)"
"MineDensCat",0,"Density of mines sites within AOI (mines/square km)"
"NABD_NrmStorCat",0,"Volume all reservoirs (NORM_STORA in NID) per unit area of AOI (cubic meters/square km)"
"PctGlacTilCrsCat",0,"% of AOI area classified as lithology type: glacial till, coarse-textured"
"PctGlacTilCrsWs",0,"% of AOI area classified as lithology type: glacial till, coarse-textured"
"PctHydricCat",0,"% of AOI area classified as lithology type: hydric, peat and muck"
"SuperfundDensCat",0,"Density of Superfund sites within AOI (sites/square km)"
"TRIDensCat",0,"Density of TRI (Toxic Release Inventory) sites within AOI (sites/square km)"
"WWTPMajorDensCat",0,"Density (number/ km2) of major wastewater treatment plants per AOI"
"DamDensCat",-9.36295706695178e-07,"Density of georeferenced dams within AOI (dams/ square km)"
"ElevCat",-2.84897264886591e-06,"Mean AOI elevation (m)"
"RckDepCat",-9.76318006428684e-06,"Mean depth (cm) to bedrock of soils (STATSGO) within AOI."
"NABD_DensCat",-1.12719414328613e-05,"Density of georeferenced dams within AOI (dams/ square km)"
"DamNrmStorCat",-4.33857477357992e-05,"Volume all reservoirs (NORM_STORA in NID) per unit area of AOI (cubic meters/square km)"
"PctWaterWs",-5.10816499401376e-05,"% of AOI area classified as lithology type: water"
"NPDESDensCat",-6.42872468694335e-05,"Density of permitted NPDES (National Pollutant Discharge Elimination System) sites within AOI (sites/square km)"
"PctImp2011WsRp100",-7.85996235594488e-05,"Mean imperviousness of anthropogenic surfaces within AOI  (NLCD)"
"PctUrbLo2019Ws",-8.75260540402676e-05,"% of AOI area classified as developed, low-intensity land use (NLCD class 22)"
"ClayCat",-8.98418456547876e-05,"Mean % clay content of soils (STATSGO) within AOI "
"PctHay2019WsRp100",-9.77780974793344e-05,"% of AOI area classified as hay land use (NLCD class 81)"
"CatAreaSqKm",-0.000112880478097908,"Mean % of lithological sulfur (S) content in surface or near surface geology within AOI"
"NABD_NIDStorCat",-0.00011313439751435,"Volume all reservoirs (NID_STORA in NID) per unit area of AOI (cubic meters/square km)"
"PctUrbLo2019CatRp100",-0.000115491225622494,"% of AOI area classified as developed, low-intensity land use (NLCD class 22)"
"PctAg2006Slp20Ws",-0.00011975882031258,"Mean % of lithological sulfur (S) content in surface or near surface geology within AOI"
"WWTPMajorDensWs",-0.00013017612930178,"Density (number/ km2) of major wastewater treatment plants per AOI"
"P2O5Cat",-0.000133703674381517,"Mean % of lithological phosphorous oxide (P2O5) content in surface or near surface geology within AOI"
"PctShrb2019WsRp100",-0.000135708803991057,"% of AOI area classified as shrub/scrub land cover (NLCD class 52)"
"PctOw2019WsRp100",-0.000157583976470906,"% of AOI area classified as open water land cover (NLCD class 11)"
"RdCrsSlpWtdWs",-0.00016365930980693,"Density of roads-stream intersections (2010 Census Tiger Lines-NHD stream lines) multiplied by NHDPlusV21 slope within AOI (crossings*slope/square km)"
"SepticCat",-0.000164466719427149,"Density of septic systems per AOI - based on 1990 Census"
"PctBl2019CatRp100",-0.000188903651253193,"% of AOI area classified as barren land cover (NLCD class 31)"
"PctHay2019CatRp100",-0.000194595594006863,"% of AOI area classified as hay land use (NLCD class 81)"
"PctImp2006CatRp100",-0.000210118289284288,"Mean imperviousness of anthropogenic surfaces within AOI  (NLCD)"
"CompStrgthWs",-0.000219314896633742,"Mean lithological uniaxial compressive strength (megaPascals) content in surface or near surface geology within AOI"
"PctUrbMd2019Ws",-0.000224192177817195,"% of AOI area classified as developed, medium-intensity land use (NLCD class 23)"
"MgOWs",-0.000234707105708312,"Mean % of lithological magnesium oxide (MgO) content in surface or near surface geology within AOI"
"PctConif2019Ws",-0.000235777856715816,"% of AOI area classified as evergreen forest land cover (NLCD class 42)"
"SN_2008Cat",-0.000237199842542259,"Annual gradient map of precipitation-weighted mean deposition for average sulfur & nitrogen wet deposition for 2008 in kg of S+N/ha/yr, within AOI"
"PctAg2006Slp20Cat",-0.000257007991764452,"Mean % of lithological sulfur (S) content in surface or near surface geology within AOI"
"PctUrbLo2019WsRp100",-0.00028110176522831,"% of AOI area classified as developed, low-intensity land use (NLCD class 22)"
"PctGlacLakeFineCat",-0.000283829837197626,"% of AOI area classified as lithology type: glacial lake sediment, fine-textured"
"RdDensCatRp100",-0.000292723032805988,"Density of roads (2010 Census Tiger Lines) within AOI (km/square km)"
"PctImp2013WsRp100",-0.000296614541133066,"Mean imperviousness of anthropogenic surfaces within AOI  (NLCD)"
"TRIDensWsRp100",-0.000310838695600388,"Density of TRI (Toxic Release Inventory) sites within AOI (sites/square km)"
"MineDensWs",-0.000322694799225503,"Density of mines sites within AOI (mines/square km)"
"PctImp2019CatRp100",-0.000368970857917104,"Mean imperviousness of anthropogenic surfaces within AOI  (NLCD)"
"CaOWs",-0.000369888243923906,"Mean % of lithological calcium oxide (CaO) content in surface or near surface geology within AOI"
"WWTPMinorDensCat",-0.000370765316777365,"Density (number/ km2) of minor wastewater treatment plants per AOI"
"Al2O3Ws",-0.000384226176951084,"Mean % of lithological aluminum oxide (Al2O3) content in surface or near surface geology within AOI"
"NANICat",-0.000387118120059313,"Net Anthropogenic Nitrogen within AOI: farm fertilizer + urban fertilizer + NOx deposition + CBNF + Human and Livestock food - crop N content - livestock N content"
"PctImp2011Cat",-0.000388141762898709,"Mean imperviousness of anthropogenic surfaces within AOI  (NLCD)"
"PctUrbHi2019Ws",-0.000391489949938644,"% of AOI area classified as developed, high-intensity land use (NLCD class 24)"
"PctGrs2019WsRp100",-0.000394819835963627,"% of AOI area classified as grassland/herbaceous land cover (NLCD class 71)"
"PctShrb2019Cat",-0.000403424096753171,"% of AOI area classified as shrub/scrub land cover (NLCD class 52)"
"NH4_2008Cat",-0.000420126642648583,"Annual gradient map of precipitation-weighted mean deposition for ammonium ion concentration wet deposition for 2008 in kg of NH4/ha/yr, within AOI"
"PctGlacTilClayWs",-0.000428739686374082,"% of AOI area classified as lithology type: glacial till, clayey"
"PctImp2001Cat",-0.00044834456517449,"Mean imperviousness of anthropogenic surfaces within AOI  (NLCD)"
"RckDepWs",-0.000460658462264453,"Mean depth (cm) to bedrock of soils (STATSGO) within AOI."
"HydrlCondWs",-0.000479291886636618,"Mean lithological hydraulic conductivity (micrometers per second) content in surface or near surface geology within AOI"
"Na2OWs",-0.000487034062385662,"Mean % of lithological sodium oxide (Na2O) content in surface or near surface geology within AOI"
"NABD_NrmStorWs",-0.00048817077899182,"Volume all reservoirs (NORM_STORA in NID) per unit area of AOI (cubic meters/square km)"
"PctImp2004Ws",-0.000492099617747396,"Mean imperviousness of anthropogenic surfaces within AOI  (NLCD)"
"WWTPAllDensCat",-0.000541700261340802,"Density (number/ km2) of all wastewater treatment plants per AOI"
"PermWs",-0.000550181672310085,"Mean permeability (cm/hour) of soils (STATSGO) within AOI "
"PctMxFst2019CatRp100",-0.000556438368468184,"% of AOI area classified as mixed deciduous/evergreen forest land cover (NLCD class 43)"
"BFICat",-0.000560395670410914,"Base flow is the component of streamflow that can be attributed to ground-water discharge into streams. The BFI is the ratio of base flow to total flow, expressed as a percentage, within AOI"
"PctImp2019WsRp100",-0.00057581508652226,"Mean imperviousness of anthropogenic surfaces within AOI  (NLCD)"
"NsurpWs",-0.000592472040060552,"Nitrogen Surplus (kg N / yr) per AOI - excluding biological N Fixation"
"MineDensWsRp100",-0.000632036686276091,"Density of mines sites within AOI (mines/square km)"
"P2O5Ws",-0.0006467289329552,"Mean % of lithological phosphorous oxide (P2O5) content in surface or near surface geology within AOI"
"PctDecid2019WsRp100",-0.000674521131788171,"% of AOI area classified as deciduous forest land cover (NLCD class 41)"
"PctImp2004Cat",-0.000691180547043971,"Mean imperviousness of anthropogenic surfaces within AOI  (NLCD)"
"PctImp2011Ws",-0.000768318126225922,"Mean imperviousness of anthropogenic surfaces within AOI  (NLCD)"
"PctConif2019Cat",-0.000773616652799777,"% of AOI area classified as evergreen forest land cover (NLCD class 42)"
"PctImp2011CatRp100",-0.000784150611790556,"Mean imperviousness of anthropogenic surfaces within AOI  (NLCD)"
"NWs",-0.000811781869940112,"Mean % of lithological nitrogen (N) content in surface or near surface geology within AOI"
"PctGlacTilLoamWs",-0.000859203112871651,"% of AOI area classified as lithology type: glacial till, loamy"
"PctImp2008CatRp100",-0.000862658696553109,"Mean imperviousness of anthropogenic surfaces within AOI  (NLCD)"
"PctBl2019Ws",-0.000940004813557865,"% of AOI area classified as barren land cover (NLCD class 31)"
"InorgNWetDep_2008Ws",-0.000977237056624032,"Annual gradient map of precipitation-weighted mean deposition for inorganic nitrogen wet deposition from nitrate and ammonium for 2008 in kg of N/ha/yr, within AOI"
"Tile_density",-0.0009894957,"Tile density in the watershed in m2/km2"
"PctMxFst2019Cat",-0.000993118616358563,"% of AOI area classified as mixed deciduous/evergreen forest land cover (NLCD class 43)"
"PctImp2004WsRp100",-0.000997163626261077,"Mean imperviousness of anthropogenic surfaces within AOI  (NLCD)"
"Tmin8110Ws",-0.00100440487116123,"PRISM climate data - 30-year normal minimum temperature (C°): Annual period: 1981-2010 within the AOI"
"MAST_2008",-0.00105722810867678,"Predicted mean annual stream temperature (Jan-Dec) for year 2008, 2009, 2013, 2014"
"DamNIDStorWs",-0.00105829188256988,"Volume all reservoirs (NID_STORA in NID) per unit area of AOI (cubic meters/square km)"
"Phos_FertWs",-0.00106533312303921,"Mean rate of synthetic nitrogen fertilizer application to agricultural land in kg N/ha/yr, within the AOI"
"PctConif2019WsRp100",-0.00109518864412304,"% of AOI area classified as evergreen forest land cover (NLCD class 42)"
"PctImp2001CatRp100",-0.00112114867260687,"Mean imperviousness of anthropogenic surfaces within AOI  (NLCD)"
"RdDensWsRp100",-0.00112988246188999,"Density of roads (2010 Census Tiger Lines) within AOI (km/square km)"
"PctUrbOp2019Ws",-0.00114657455054432,"% of AOI area classified as developed, open space land use (NLCD class 21)"
"WtDepCat",-0.00115541935654258,"Mean seasonal water table depth (cm) of soils (STATSGO) within AOI "
"Tmin8110Cat",-0.00119008900563916,"PRISM climate data - 30-year normal minimum temperature (C°): Annual period: 1981-2010 within the AOI"
"RunoffWs",-0.00126394120529977,"Mean runoff (mm) within AOI"
"PctDecid2019Ws",-0.00138386798387677,"% of AOI area classified as deciduous forest land cover (NLCD class 41)"
"PctWdWet2019Cat",-0.00139751653820766,"% of AOI area classified as woody wetland land cover (NLCD class 90)"
"PctImp2016CatRp100",-0.00141607746837145,"Mean imperviousness of anthropogenic surfaces within AOI  (NLCD)"
"SN_2008Ws",-0.0014434666031153,"Annual gradient map of precipitation-weighted mean deposition for average sulfur & nitrogen wet deposition for 2008 in kg of S+N/ha/yr, within AOI"
"RdCrsCat",-0.00146870231843364,"Density of roads-stream intersections (2010 Census Tiger Lines-NHD stream lines) within AOI (crossings/square km)"
"PctOw2019CatRp100",-0.00152051055947102,"% of AOI area classified as open water land cover (NLCD class 11)"
"Precip8110Cat",-0.00155617417253606,"PRISM climate data - 30-year normal mean precipitation (mm): Annual period: 1981-2010 within AOI"
"PctImp2006Ws",-0.00158561287426267,"Mean imperviousness of anthropogenic surfaces within AOI  (NLCD)"
"ManureCat",-0.00159443479640477,"Mean rate of manure application to agricultural land from confined animal feeding operations in kg N/ha/yr, within AOI"
"PctUrbHi2019Cat",-0.0016518540908563,"% of AOI area classified as developed, high-intensity land use (NLCD class 24)"
"NABD_DensWs",-0.00166111623890522,"Density of georeferenced dams within AOI (dams/ square km)"
"PctImp2019Ws",-0.00169257451344149,"Mean imperviousness of anthropogenic surfaces within AOI  (NLCD)"
"PctUrbLo2019Cat",-0.00173412294314078,"% of AOI area classified as developed, low-intensity land use (NLCD class 22)"
"Precip_Minus_EVTCat",-0.0017987066044036,"This dataset represents surplus precipitation (mm): precipitation minus potential evaporation described in DOI: 10.1016/j.scitotenv.2020.137661 within individual,  local NHDPlusV2 catchments and upstream, contributing watersheds."
"OmWs",-0.00182027721353067,"Mean organic matter content (% by weight) of soils (STATSGO) within AOI "
"PctAg2006Slp10Ws",-0.00183490981751568,"Mean % of lithological sulfur (S) content in surface or near surface geology within AOI"
"K2OWs",-0.00183551783982057,"Mean % of lithological potassium oxide (K2O) content in surface or near surface geology within AOI"
"PctUrbMd2019Cat",-0.00185247159724317,"% of AOI area classified as developed, medium-intensity land use (NLCD class 23)"
"PctImp2006Cat",-0.00186147656662911,"Mean imperviousness of anthropogenic surfaces within AOI  (NLCD)"
"PctImp2016Cat",-0.00195603363826663,"Mean imperviousness of anthropogenic surfaces within AOI  (NLCD)"
"CanalDensWs",-0.00197978844334639,"Density of NHDPlus line features classified as canal, ditch, or pipeline within the AOI (km/ square km)"
"InorgNWetDep_2008Cat",-0.00208620979117392,"Annual gradient map of precipitation-weighted mean deposition for inorganic nitrogen wet deposition from nitrate and ammonium for 2008 in kg of N/ha/yr, within AOI"
"PctUrbMd2019WsRp100",-0.00228656435409497,"% of AOI area classified as developed, medium-intensity land use (NLCD class 23)"
"PctGrs2019CatRp100",-0.00231954562412255,"% of AOI area classified as grassland/herbaceous land cover (NLCD class 71)"
"DamDensWs",-0.00232279350291849,"Density of georeferenced dams within AOI (dams/ square km)"
"PctBl2019WsRp100",-0.00248321910566622,"% of AOI area classified as barren land cover (NLCD class 31)"
"CanalDensCat",-0.00281335799531448,"Density of NHDPlus line features classified as canal, ditch, or pipeline within the AOI (km/ square km)"
"MSST_2008",-0.00300091160865064,"Predicted mean summer stream temperature (July-Aug) for years 2008, 2009, 2013, 2014"
"PctHay2019Ws",-0.00345358666202531,"% of AOI area classified as hay land use (NLCD class 81)"
